序号,链接,节点数
0,https://JwLBOV.absslk.xyz/07c67f5dce41c4fb3bb09363cce8a9a5,40
1,https://Y7LtUR.mcsslk.xyz/2117637b2f19497669b77180899f97aa,39
2,https://gitlab.com/colloq168/nodefiltrate/-/raw/main/filtrate?ref_type=heads,153
3,https://raw.githubusercontent.com/Alvin9999/pac2/master/clash.meta2/1/config.yaml,0
4,https://raw.githubusercontent.com/Alvin9999/pac2/master/clash.meta2/13/config.yaml,0
5,https://raw.githubusercontent.com/Alvin9999/pac2/master/clash.meta2/15/config.yaml,0
6,https://raw.githubusercontent.com/Alvin9999/pac2/master/clash.meta2/2/config.yaml,0
7,https://raw.githubusercontent.com/Alvin9999/pac2/master/clash.meta2/config.yaml,0
8,https://raw.githubusercontent.com/Huibq/TrojanLinks/master/links/vmess,0
9,https://raw.githubusercontent.com/Surfboardv2ray/TGParse/main/python/hy2,15
10,https://raw.githubusercontent.com/Surfboardv2ray/TGParse/main/python/hysteria2,27
11,https://raw.githubusercontent.com/qjlxg/hy2/main/splitted/hy2,38
12,https://raw.githubusercontent.com/ripaojiedian/freenode/main/clash,23
13,https://raw.githubusercontent.com/ripaojiedian/freenode/main/sub,25
14,https://raw.githubusercontent.com/zhangkaiitugithub/passcro/main/speednodes.yaml,46
15,dynamic://peasoft,0

总计,,333
